[
   {
      "projectId": "001",
      "employeeId": "001",
      "projectName": "ABC Textiles",
      "projectDescription": "Demo project information will come here"
   },
   {
      "projectId": "002",
      "employeeId": "001",
      "projectName": "ABC Textiles",
      "projectDescription": "Demo project information will come here"
   },
   {
      "projectId": "003",
      "employeeId": "001",
      "projectName": "ABC Textiles",
      "projectDescription": "Demo project information will come here"
   },
   {
      "projectId": "004",
      "employeeId": "002",
      "projectName": "ABC Textiles",
      "projectDescription": "Demo project information will come here"
   },
   {
      "projectId": "005",
      "employeeId": "002",
      "projectName": "ABC Textiles",
      "projectDescription": "Demo project information will come here"
   },
   {
      "projectId": "006",
      "employeeId": "002",
      "projectName": "ABC Textiles",
      "projectDescription": "Demo project information will come here"
   }
]