[{  "projectId": "001",
    "employeeid":"001",
    "projectName":"ABC Textiles",
    "projectDescription": "Demo project information will come here"
},
 {
    "projectId": "002",
    "employeeid":"001",
    "projectName":"ABC Textiles",
    "projectDescription": "Demo project information will come here"
 },
 {
    "projectId": "003",
    "employeeid":"001",
    "projectName":"ABC Textiles",
    "projectDescription": "Demo project information will come here"
 },
 {  "projectId": "004",
    "employeeid":"002",
    "projectName":"ABC Textiles",
    "projectDescription": "Demo project information will come here"
},
 {
    "projectId": "005",
    "employeeid":"002",
    "projectName":"ABC Textiles",
    "projectDescription": "Demo project information will come here"
 },
 {
    "projectId": "006",
    "employeeid":"002",
    "projectName":"ABC Textiles",
    "projectDescription": "Demo project information will come here"
 }]
